,Job_title,company,location,skills_required
0,PHP Laravel or Codeigniter Trainees Hiring(Apply only if course certification is done),Axnol Digital Solutions - Full-time,Remote,"PHP,Laravel,Codeigniter"
1,IT PROFESSIONAL,Speridian - Full-time,Remote,Azure Data Factory Oracle SOA RPA Salesforce Developers/Leads Asp.NET developers/Leads DevOps Engineers Java Developers/Leads
2,Full Stack Developer-PHP ( Lead ),Bethel Technology - Full-time,Kochi,"PHP,Codeigniter,PHP Laravel"
3,Angular UI Developer,Cetacean Business Solutions LLP - Full-time,Kochi,"Typescript,JavaScript,Angular 4+,HTML, CSS,SASS"
4,Graphic Designer,Cetacean Business Solutions LLP - Full-time,Kochi,"InDesign,graphic designing,creative designer,Adobe Creative Suite,Illustrator and Photoshop"
5,Sr. Manager - Finance.,JTSI - Full-time,Trivandrum,Management - Finance.
6,ReactJS Developer,Softnotions Technologies Pvt Ltd - Full-time,Trivandrum,"Javascript,RESTful API"
7,Senior Python Developer,Softnotions Technologies Pvt Ltd - Full-time,Trivandrum,"Python,MySQL, Django"
8,REACT JS Developer,Experion Technologies - Full-time,Kochi,"Javascript, Redux"
9,JAVA developer,Experion Technologies - Full-time,Trivandrum,Java
10,System Administrator - Linux & Windows,PIT Solutions Pvt Ltd - Full-time,Trivandrum,System Administrator - Linux & Windows
11,Trainees in Software Testing (Freshers Only),Axnol Digital Solutions - Full-time,Remote,"software tester,software testing,Automation Testing manual,testcase, process and execution ,documenting testcases and deriving test scenarios"
12,.NET Developers (Kochi/Trivandrum),Cetacean Business Solutions LLP - Full-time,Kochi,"Angular,React,Javascript,.NET,C#,SQL,MVC,jQuery,Web API,Entity Framework,NodeJS,OOPS"
13,Senior Ruby on Rails Developer,Planet Media India ( PMIN Agency Private Limited ) - Full-time,Kochi,Ruby on Rails
14,Associate Business Development Consultant,Fingent - Full-time,Kochi,"Business Development,Business Analyst,English communication,Excellent written and oral communication skills"
15,Software Engineer – PHP (Laravel),Fingent - Full-time,Kochi,"PHP,MySQL,Postgre SQL,Laravel,PHP Developer (Laravel)"
16,Software Engineer – PHP,Fingent - Full-time,Kochi,"PHP,Javascript,HTML5,Laravel,Codeigniter,Core PHP"
17,Software Engineer – Magento,Fingent - Full-time,Kochi,"Magento,Magento1.x, 2.X Versions, PHP, MySQL, MVC, Javascript, jQuery, KnockoutJS, PrototypeJS HTML and CSS."
18,Team Lead-Python,Fingent - Full-time,Kochi,"Python,Rest API, Django,Flask, AWS lambda"
19,DataBase Developer,Innovature Software Labs - Full-time,Kochi,"DBA,RDBMS,database designing,database development"
20,Software Engineer_Java,Innovature Software Labs - Full-time,Kochi,"Angular,spring boot,MVC,Spring,java ,Struts"
21,Product Support Specialist,Fingent - Full-time,Kochi,"Product Support and Implementation,Technical Suport,Voice Process,Chat Support"
22,Android and iOS developers,EY - Full-time,Kochi,"Java,C#,IOS,Kotlin"
23,Automation Test Engineer,Stabilix - Full-time,Trivandrum,Automation Test Engineer
24,Flutter Developers,Stabilix - Full-time,Trivandrum,Flutter developers
25,Business Development Executive,Neoito - Full-time,Trivandrum,business development executive
26,Project Manager,Neoito - Full-time,Trivandrum,Project Manager
27,Graphic Designer / Video Editor Intern,PIT Solutions Pvt Ltd - Full-time,Trivandrum,Graphic Designer / Video Editor Intern
28,Android developer,PIT Solutions Pvt Ltd - Full-time,Trivandrum,Java
29,FULL-STACK DEVELOPERS,AICORP - Full-time,Trivandrum,"HTML, CSS, C++, C# Knowledge in Web technologies is an added advantage"
30,Automation Test Engineer,Stabilix - Full-time,Trivandrum,Automation Test Engineer
31,SAP FICO - Consultant,Fingent - Full-time,Bangalore,"FICO,ECC implementation ,s/4 HANA Certification"
32,SAP ABAP Consultant,Fingent - Full-time,Bangalore,"ABAP,Odata,ricef,BAPI,IDOC,S/4 HANA Certification"
33,SAP SD Consultant,Fingent - Full-time,Kochi,"FICO,s4 hana implementation/migration,Sales & Distribution,OTC concept ,Copa,SAP HANA Sales certification"
34,DevOps Engineer – Microsoft,Fingent - Full-time,Kochi,"Kubernetes,SonarQube,GIT,Docker,Jenkins,Terraform,azure services,ci/cd pipelines,bash/python scripting,DevOps Azure"
35,Project Coordinator,Fingent - Full-time,Kochi,"DevOps,AWS,Linux Administration,Azure ,GCP,Project coordination,Client Management,Team coordination,DevOps Tools"
36,Jr. Software Engineer/Software Engineers – Flutter,Fingent - Full-time,Kochi,"Flutter,Firebase,RESTful API,Xcode,SQLite,Android Studio,json,ES6 Standard,Visual Code ,Realm Database"
37,Executive - HR,MUTHOOT PAPPACHAN TECHNOLOGIES LTD. - Full-time,Trivandrum,Executive - HR
38,React JS Developer,Planet Media - Full-time,Remote,ReactJS
39,C++ Developer,Infosys - Full-time,Bangalore,C++ Developers
40,SDN & Netconf Developer,Infosys - Full-time,Bangalore,SDN & Netconf Developer
41,Embedded C++ Developer,Infosys - Full-time,Bangalore,Embedded C++ Developer
42,Automation Network Engineer,Infosys - Full-time,Bangalore,Automation Network Engineer
43,APRISO Expert,Infosys - Full-time,Bangalore,APRISO Expert
44,Android Developer,Infosys - Full-time,Bangalore,Android developer
45,Aerospace Engineer,Infosys - Full-time,Bangalore,Aerospace Engineer
46,Open Stack Developer,Infosys - Full-time,Bangalore,Full Stack
47,Net React Developer,Infosys - Full-time,Bangalore,".NET,. net"
48,Net Developer,Infosys - Full-time,Mumbai,". Net, C #, WebAPI, Angular"
49,Net Azure Developer,Infosys - Full-time,Bangalore,Net Azure Developer
50,Azure Developer,Infosys - Full-time,Mumbai,Azure Developer
51,Software Engineer (ASP.NET with C#),Grand Trust InfoTech Pvt. Ltd. - Full-time,Kochi,"ASP.NET with C#) Skill Set C#.Net,ASP.NET, SQL,JQuery, Ajax"
52,Golang Developer,Bridge-global - Full-time,Kochi,Golang Developer
53,Business Analyst Interns,Bridge-global - Full-time,Kochi,"Bachelor's Degree (Preferably in Business Management), Good Communication"
54,Magento Pimcore Developer,Bridge-global - Full-time,Kochi,"Key Skills Magento 2 and above, Pimcore, theme integration, customization"
55,Lead PHP Developer,Bridge-global - Full-time,Kochi,PHP
56,Digital Marketing Interns,Bridge-global - Full-time,Kochi,"SEO,good communication skills"
57,Full Stack/Backend Python Developers,Bridge-global - Full-time,Kochi,Full Stack/Backend Python Developers
58,Senior Talent Acquisition Executives,Bridge-global - Full-time,Kochi,talent Acquisition Executives
59,Android Developers,Bridge-global - Full-time,Kochi,Android
60,Full Stack .NET Developers,Bridge-global - Full-time,Kochi,Full Stack .NET Developers
61,iOS Developers,Bridge-global - Full-time,Kochi,"IOS,iOS Developers"
62,Production Coordinator,TILT LABS - Full-time,Trivandrum,Production Coordinator
63,SDET - Lead Role,UST - Full-time,Trivandrum,"Automation Testing, Manual Testing,API Testing(Automation),BDD, Cucumber, Java Script Java as part of Automation,"
64,Business Development Manger-IT,Coddle Technologies Pvt Ltd - Full-time,Kozhikode ( Calicut ),"Open Source technologies,Team Management,Excellent communication,Market Research ,International Sales,International marketing,Web Application Development,mobility,IT Sales"
65,Financial Analyst,Cetacean Business Solutions LLP - Full-time,Kochi,"Team Management,MS office,Excellent communication,CA Inter"
66,Hiring Purchase Admin (Functional),Cetacean Business Solutions LLP - Full-time,Mumbai,"Windows,ERP,MS office,mechanical,JIRA,purchase,Zoho,support tools,purchase module"
67,"PHP TRAINEES(CODEIGNITER,LARAVEL)",Axnol Digital Solutions - Full-time,Remote,"PHP,Laravel,Codeigniter"
68,PHP CODEIGNITER WITH 1+ YEARS OF EXPERIENCE,Axnol Digital Solutions - Full-time,Remote,"PHP,Codeigniter"
69,PHP LARAVEL WITH 1+ YEARS OF EXPERIENCE,Axnol Digital Solutions - Full-time,Remote,"PHP,Laravel"
70,Senior Lighting Artist,TILTLABS - Full-time,Trivandrum,Lightning
71,Production Coordinator,TILTLABS - Full-time,Trivandrum,"Project Management,Team Management"
72,Sales force architect,Soutien HR - Full-time,Kochi,Salesforce
73,iOS Developer (2-3 Years) Swift / Objective C (Immediate):,Tranzmeo IT Solutions Private Limited - Full-time,Kochi,"Swift,Objective C"
74,Content Writer ( Immediate 1-2 yr),Tranzmeo IT Solutions Private Limited - Full-time,Kochi,"Technical Writer,Content Optimization,creative"
75,Digital Marketing Executive (1-2 yrs of experience),Tranzmeo IT Solutions Private Limited - Full-time,Kochi,"Digital Marketing,Technical"
76,HR & Admin(3-8 yrs Immediate),Tranzmeo IT Solutions Private Limited - Full-time,Kochi,"Recruitment,Leave Management,employee engagement,"
77,HR Executive (1-2 yrs Immediate),Tranzmeo IT Solutions Private Limited - Full-time,Kochi,"HR Recruitment,employee engagement,"
78,Android Kotlin Developer,Coddle Technologies Pvt Ltd - Full-time,Kozhikode ( Calicut ),"Android,Kotlin,MVVM,Payment gateway,Android SDK,Room DB,Jetpack"
79,Technical Project Manager,PIT Solutions Pvt Ltd - Full-time,Trivandrum,technical project manager
80,Embedded Engineer,Sequoia Applied Technologies - Full-time,Trivandrum,"embedded c,SPI,IoT,HTTP protocol,RTOS,mqtt"
81,React Full Stack Developer,Sequoia Applied Technologies - Full-time,Trivandrum,"REACT.JS , REACT , REDUX"
82,C# Engineer,Sequoia Applied Technologies - Full-time,Trivandrum,"C#, MVC,ASP.NET, REACT, ANGULAR"
83,Account Manager(Testing),Sequoia Applied Technologies - Full-time,Trivandrum,"Testing , API , Defect Management Tools , performance testing"
84,Technical Lead - Full Stack,Sequoia Applied Technologies - Full-time,Trivandrum,"REACTJS, AWS,AURORA"
85,UI/UX Designer,Sequoia Applied Technologies - Full-time,Trivandrum,"UI/UX , ADOBE XD , ILLUSTRATOR , HTML 5 , CSS3 , JAVASCRIPT , JQUERY and PHOTOSHOP"
86,Python Developer,Sequoia Applied Technologies - Full-time,Trivandrum,"Python, Django"
87,DevOps Engineers,Active Lobby - Full-time,Remote,DevOps Engineers
88,Recruiter from IT,Quest Global - Full-time,Bangalore,Recruiter from IT
89,Microservices,Zartek Technologies - Full-time,Kochi,Microservices
90,React JS developer,Zartek Technologies - Full-time,Kochi,React JS
91,Flutter developer,Zartek Technologies - Full-time,Kochi,FLUTTER DEVELOPER
92,Java Fullstack Developer,mykare health - Full-time,Remote,java full stack developer
93,Dot Net Developers,ConnectIN Jobs Global - Full-time,Trivandrum,"Web Services and API,.Net Core,.Net framework,Entity Framework,.NET/C#,ASP.net,ADO,asp.net core mvc"
94,React Native Developer - Experienced,Doctune Healthcare - Full-time,Kochi,React Js
95,React JS Developer - Experienced,Doctune Healthcare - Full-time,Kochi,React Native
96,Java Fullstack Developer,Doctune Healthcare - Full-time,Kochi,"React,Java,Android,React Native,spring boot,React Js"
97,Assistant General Manager,Himatsingka Seide - Full-time,Bangalore,Sales
98,Angular Developer,Polus Software - Full-time,Trivandrum,angulardeveloper
99,.NET Developers,Sinnonteq IT Consulting LLP - Full-time,Remote,.NET Developers
100,Vue.JS/Angular Front end,Sinnonteq IT Consulting LLP - Full-time,Remote,Vue.JS/Angular Front end
101,Flutter Developers,Sinnonteq IT Consulting LLP - Full-time,Remote,flutter development
102,Support Engineer,Ospyn Technologies Pvt Ltd - Full-time,Trivandrum,Support Engineer
103,Implementation Engineer-,Ospyn Technologies Pvt Ltd - Full-time,Trivandrum,Implementation Engineer
104,Junior QA Engineer,Ospyn Technologies Pvt Ltd - Full-time,Trivandrum,Junior QA Engineer
105,Software Engineer,Ospyn Technologies Pvt Ltd - Full-time,Trivandrum,Software Engineer
106,Senior QA Engineer,Ospyn Technologies Pvt Ltd - Full-time,Trivandrum,Senior QA Engineer
107,Senior Software Engineer/Lead Engineer,Ospyn Technologies Pvt Ltd - Full-time,Trivandrum,"Senior Software Engineer/Lead Engineer ,Java, Spring Boot and Web Technologies"
108,"Senior MERN Stack Developer.(Node.js ,React.js)",Coddle Technologies Pvt Ltd - Full-time,Kozhikode ( Calicut ),"Node.js,react.js,MERN Stack"
109,JUNIOR MERN STACK DEVELOPER.(Node.js/React.js),Coddle Technologies Pvt Ltd - Full-time,Kozhikode ( Calicut ),"Node.js,react.js,MERN Stack"
110,Junior Test Engineer,Coddle Technologies Pvt Ltd - Full-time,Kozhikode ( Calicut ),"Automation Testing,Selenium,Jenkins,manual testing,core java,Jira"
111,Senior Test Engineer,Coddle Technologies Pvt Ltd - Full-time,Kozhikode ( Calicut ),"Java,Automation Testing,Selenium,GIT,Jenkins,manual testing,TestNG,JIRA,mavens,Must have hands-on experience in Selenium Automation using > Core Java with Cucumber/TestNG framework & Maven,Core Java; Selenium; API Testing; BDD/TDD; JBehave; Cucumber"
112,PHP Developer - CodeIgniter,Coddle Technologies Pvt Ltd - Full-time,Kozhikode ( Calicut ),"PHP,MySQL,Bootstrap,Rest API,HTML,CSS,Codeigniter,JavaScript jQuery AJAX"
113,UI - UX Designer,Coddle Technologies Pvt Ltd - Full-time,Kozhikode ( Calicut ),"Photoshop,Illustrator,Figma ,HTML,CSS,adobeXD"
114,Asst. Manager - HR Recruitment,Jaivam Life LLP - Full-time,Kochi,IT Recruitment
115,DEVOPS ENGINEER,Enroute Corporate Soltuions - Full-time,Kochi,"DevOps,Azure,Docker,CI/CD"
116,Node.js Trainee,Skyewall - Full-time,Kochi,"Typescript,SQL,Rest API,Node.js,MEAN stack"
117,Node.js developer,Skyewall - Full-time,Kochi,"Typescript,SQL,Rest API,Node.js,Mean stack"
118,Full Stack Developers (Urgent),Cetacean Business Solutions LLP - Full-time,Trivandrum,"Angular,SQL,MVC,.NET/C#,asp.net mvc ,NodeJS,Javascript, Typescript,OOPS concepts,relational databases"
119,Android System Developer (Immediate),Cetacean Business Solutions LLP - Full-time,Bangalore,"Agile Scrum,Git,Linux OS,C/C++,OOP, SOLID and Design Patterns.,android system,android app,jerrit"
120,Marine Engineer (Fresher/Trainee - Immediate),Cetacean Business Solutions LLP - Full-time,Kochi,"logistics,mechanical,marine,sailing"
121,Tech Analyst,Enroute Corporate Soltuions - Full-time,Kochi,"Python,SQL,Linux"
122,Social Media Manager,Star Innovations - Full-time,"Koratty, Thrissur","Digital Marketing,social media posters,Social media marketing"
123,software engineers,AICORP - Full-time,Remote,"JavaScript, React Native, HTML, C++, C#, and CSS"
124,FLUTTER DEVELOPER,Tyzo technologies - Full-time,Remote,Flutter
125,SALESFORCE DEVELOPER INTERN,Confyans - Full-time,Kozhikode ( Calicut ),"Bachelor's & Post Graduates with Computer Background (B.tech, BCA, BBA, B.Sc, M.Sc ,MBA)"
126,SRE Lead,UST Global - Full-time,Trivandrum,"Java,API"
127,PM with Scrum Master,UST Global - Full-time,Trivandrum,Scrum Master
128,IT Project Coordinators,Speridian - Full-time,Trivandrum,IT Project Coordinators
129,Digital Marketing Specialist,Star Innovations - Full-time,"Koratty, Thrissur","Digital Marketing,Social media marketing,Social Media Executive,social media optimization"
130,DevOps Engineer,Innovature Software Labs - Full-time,Kochi,"Kubernetes,AWS,Docker,Linux Administration"
131,QA Engineer,Innovature Software Labs - Full-time,Kochi,"Java,Test Automation,manual testing,Manual testing, Mainframe Testing, Automation Testing,Selenium java,selenium automation testing"
132,Software Engineer -Flutter,Innovature Software Labs - Full-time,Kochi,"Android,IOS,Flutter"
133,Site Reliability Engineer(SRE),Innovature Software Labs - Full-time,Kochi,"AWS,IOS,System Administration,Windows Administrator,Linux Administration,server monitoring"
134,Angular Developer (Immediate),Cetacean Business Solutions LLP - Full-time,Kochi,"Angular,Javascript,HTML,CSS,SCSS,NodeJS"
135,UI/UX Designer,Buildnext Construction Solutions Pvt Ltd - Full-time,Kochi,"HTML, CSS"
136,Software Tester,Buildnext Construction Solutions Pvt Ltd - Full-time,Kochi,"Automation Testing,manual testing"
137,CRM Executive (Immediate),Cetacean Business Solutions LLP - Full-time,Kochi,"Project Management,Sales,CRM,CRM tools,Customer Relationship,maritime industry"
138,Dotnet Developer (Immediate),Cetacean Business Solutions LLP - Full-time,Kochi,"Angular,Javascript,C#,.Net,MVC,.Net Core,Web API,ReactJS,asp.net mvc ,NodeJS,OOPS"
139,US IT Recruiter,Innovature Software Labs - Full-time,Kochi,"HR Recruitment,IT Recruitment,US IT Recruiter, SAP Recruiter, US Citizen Hiring"
140,US Payroll Executive,Innovature Software Labs - Full-time,Kochi,"Cost Accounting, payroll"
141,Freelance Graphic Designer,Alokin Software Pvt Ltd - Contract,Trivandrum,"Figma ,Adobe Photoshop,Adobe illustrator,Graphic Design,Adobe Creative Cloud"
142,Technical Architect,Innovature Software Labs - Full-time,Kochi,"Javascript,AWS,spring boot,Rest API,JavaScript,Spring,MongoDB ,Hibernate ,corejava"
143,PHP DEVELOPER (Yii2 FRAMEWORK),Planet Media India ( PMIN Agency Private Limited ) - Full-time,Kochi,"PHP,Yii,yii2"
144,Sr. Software Engineer Java,Enroute Corporate Soltuions - Full-time,Remote,"Java,MySQL,Mongo DB,RESTful API,XML"
145,UI DEVELOPER,Enroute Corporate Soltuions - Full-time,Remote,"ReactJS,UI Developer"
146,SAP Basis Engineer,Travanleo Info Solutions - Full-time,Remote,SAP Basis
147,SAP ABAP Consultant,Travanleo Info Solutions - Full-time,Remote,SAP ABAP
148,SAP Testing Expert/Practice Lead,Travanleo Info Solutions - Full-time,Remote,sap testing
149,Java Developer,Emsyne(Muthoot Systems and Technologies Pvt.Ltd) - Full-time,Kochi,JAVA Developer/Lead
150,Team Lead(.Net),Emsyne(Muthoot Systems and Technologies Pvt.Ltd) - Full-time,Kochi,.NET
151,Net Developer,Emsyne(Muthoot Systems and Technologies Pvt.Ltd) - Full-time,Kochi,.NET
152,QA intern,Finastra - Full-time,Bangalore,QA
153,Developer-Java,Mindcurv - Full-time,Kochi,Developer-Java
154,Office Staff,CodeScribo Technologies - Full-time,Remote,Very good English
155,DOTNET API Developer,Enroute Corporate Soltuions - Full-time,Kochi,".NET,API,Agile Methodologies"
156,Job Title: DB Developer,Enroute Corporate Soltuions - Full-time,Kochi,"GIT,SOAP,TFS,PLSQL"
157,Dot Net Developer-0-5 years Exp-Kochi,Iris Medical Solutions Pvt Ltd - Full-time,Kochi,".NET,HTML5,C#,.Net framework,.NET/C#"
158,Python Developer,Trenser Technology Solutions - Full-time,Trivandrum,Python
159,C# Developer,Trenser Technology Solutions - Full-time,Trivandrum,"C#,.NET/C#"
160,C++ developer,Trenser Technology Solutions - Full-time,Trivandrum,C++
161,Angular developer,Trenser Technology Solutions - Full-time,Trivandrum,"Angular,Typescript"
162,React developers,Trenser Technology Solutions - Full-time,Trivandrum,"React,Javascript"
163,Java developers,Trenser Technology Solutions - Full-time,Trivandrum,Java
164,Laravel or Codeigniter Developer,Axnol Digital Solutions - Full-time,Remote,"PHP,Laravel"
165,Laravel or Codeigniter Trainees,Axnol Digital Solutions - Full-time,Remote,"PHP,Laravel,Codeigniter"
166,Job Title: Android Developer (App),Enroute Corporate Soltuions - Full-time,Kochi,"Java,Android,Kotlin,Android SDK"
167,PHP Developer,Chillar Payment Solutions Pvt Ltd - Full-time,Kochi,"MySQL,Laravel"
168,MERN STACK DEVELOPER Type Script,Chillar Payment Solutions Pvt Ltd - Full-time,Kochi,"Typescript,GraphQL,MERN"
169,Odoo Developer,Chillar Payment Solutions Pvt Ltd - Full-time,Kochi,"Python,Odoo"
170,QA TEST AUTOMATION,Chillar Payment Solutions Pvt Ltd - Full-time,Kochi,"Selenium,Test Automation"
171,ANGULAR Developer,Enroute Corporate Soltuions - Full-time,Remote,"Angular,Javascript,API,HTML,CSS"
172,C++ Developer,Travancore Analytics (P) Ltd - Full-time,Trivandrum,C++ Developers
173,AR/VR- Senior Developer/Lead,Travancore Analytics (P) Ltd - Full-time,Trivandrum,AR/VR- Senior Developer/Lead
174,DevOps Engineer,Travancore Analytics (P) Ltd - Full-time,Trivandrum,Devops Engineer
175,Angular- Senior Developer/Lead,Travancore Analytics (P) Ltd - Full-time,Trivandrum,Angular- Senior Developer/Lead
176,React Native- Developer/Senior Developer/Lead,Travancore Analytics (P) Ltd - Full-time,Trivandrum,"React Native, Javascript, Redux/React Router, Git"
177,Node Full Stack- Developer/Senior Developer/Lead,Travancore Analytics (P) Ltd - Full-time,Trivandrum,Node Full Stack- Developer/Senior Developer/Lead
178,.Net Full Stack- Developer/Senior Developer/Lead,Travancore Analytics (P) Ltd - Full-time,Trivandrum,".Net Full Stack- Developer/Senior Developer/Lead,MVC.Net/.Net Web API/.Net Core, Angular 2+/React JS/Vue JS, SQL"
179,Laravel developer,Softnotions Technologies Pvt Ltd - Full-time,Trivandrum,"MVC,PHP Laravel,LAMP"
180,Senior Wordpress Developer,Softnotions Technologies Pvt Ltd - Full-time,Trivandrum,"Javascript,HTML5,CSS3,Wordpress,jQuery"
181,Data Entry Operators- 100,Software Incubator Pvt Ltd - Full-time,Trivandrum,"communication skills,Quick Learner,Fair typing skills"
182,RPA Data Analyst- 2 Nos.,Software Incubator Pvt Ltd - Full-time,Trivandrum,"MySQL,RPA,freshers"
183,ASSOCIATE ARCHITECT,Enroute Corporate Soltuions - Full-time,Kochi,"Angular,Java,.NET,Microservices,ReactJS, Technical Architect"
184,professionals Cloud security,UST - Full-time,Trivandrum,Cloud Security
185,Cloud Engineers,UST - Full-time,Trivandrum,"AWS,Cloud Engineers"
186,AppDynamics/SolarWinds Tool Admin,UST - Full-time,Trivandrum,Appdynamics
187,Java Full Stack Developers,UST - Full-time,Trivandrum,Java
188,Python/REST API Developer,Alokin Software Pvt Ltd - Full-time,Trivandrum,"MySQL,python,Starlette,PostgreSQL"
189,Frontend Engineer - Vue.js,Alokin Software Pvt Ltd - Full-time,Trivandrum,"Angular,React,RESTful API,Vue.js,Javascript, HTML, CSS"
190,Junior QA Engineer,Socius Innovative Global Brains LLC - Full-time,Trivandrum,"Testing,Business Analysis,Mobile Testing,Web/Mobile Testing,manual testing"
191,SOFTWARE ENGINEER (Embedded Domain),Cetacean Business Solutions LLP - Full-time,Bangalore,"Android,Embedded Systems,Linux OS administration,Data Structures,C/C++"
192,Project Coordinator,Alokin Software Pvt Ltd - Full-time,Trivandrum,"communication skills,Bachelor's degree in Computer Science (or related field)."
193,FULL STACK DEVELOPERS (Immediate),Cetacean Business Solutions LLP - Full-time,Kochi,"Angular,MVC,Node JS,.Net Core,.NET/C#,JQuery,Javascript, Typescript"
194,HR RECRUITER (Immediate),Cetacean Business Solutions LLP - Full-time,Kochi,"HR Recruitment,IT recruitment, social media recruitment, good communication skills,MBA/MHRM"
195,Unity Developer,TILTLABS - Full-time,Trivandrum,C#
196,Principal Test Engineer (Selenium),Saasvaap - Full-time,Trivandrum,"Selenium,Principal Test Engineer (Selenium)"
197,Business Data Analyst,Orion Innovation - Full-time,Kochi,Business Data Analyst
198,Java Spark Developer,Orion Innovation - Full-time,Kochi,Spark
199,java Developer,Orion Innovation - Full-time,Kochi,"Angular,Javascript,spring boot,Angular JS"
200,Frontend Developer node js,Orion Innovation - Full-time,Kochi,Node JS
201,Frontend Developer,Orion Innovation - Full-time,Chennai,"ReactJS,Frontend Developer"
202,Technical Lead-Net,Orion Innovation - Full-time,Kochi,". net,.Netcore"
203,Net Developer,Orion Innovation - Full-time,Kochi,".NET,.Net Core,Web API"
204,Java developers,Speridian - Full-time,Trivandrum,Java Developers Angular Developers - Full stack developers(Java) Full stack developers(Nodejs/Reactjs) - Python/Django Developers Quality Engineer - DevOps Engineer(AWS)
205,Dotnet Micro Services Developer,Jaivam Life LLP - Full-time,Kochi,"Microservices,Dotnet Core"
206,Flutter Developer,Jaivam Life LLP - Full-time,Kochi,Flutter
207,Technical Lead-Mobile App,JUNE IT SOLUTIONS - Full-time,Kochi,"technical project management,mobile app"
208,QC Associate,Buildnext Construction Solutions Pvt Ltd - Full-time,Kochi,Angular
209,JD POS Tester,UST - Full-time,Trivandrum,JD POS Tester
210,Content Writer,Zil Money / Tyler Petroleum Inc - Full-time,Malappuram,"Content writing,English communication,English command"
211,PHP Laravel Developer,Zil Money / Tyler Petroleum Inc - Full-time,Malappuram,"Angular,Javascript,Typescript,PHP Laravel"
212,Angular Developer,Zil Money / Tyler Petroleum Inc - Full-time,Malappuram,"Angular,Typescript,CSS3,Ionic"
213,IT PROFESSIONALS,mykare health - Full-time,Remote,"Strong in Front end technologies like HTML, CSS, and JavaScript Hands-on experience in Web application development using React JS, Redux and context APIs Ability to build reusable components and front-end libraries for future use Should possess strong Logical & technical problem solving skills."
214,Recruitment Interns,Amstor Consultancy Services - Full-time,Remote,HR Recruitment
215,Senior/Lead IT Recruiter x 1,Amstor Consultancy Services - Full-time,Remote,IT Recruitment
216,FEMALE BUSINESS DEVELOPMENT EXECUTIVE,ZEED - Full-time,Remote,FEMALE BUSINESS DEVELOPMENT EXECUTIVE
217,UI/UX Developer,JTSI - Full-time,Trivandrum,UI/UX developer
218,Junior Software Engineers,JTSI - Full-time,Trivandrum,".ASP.Net,Junior Software Engineers"
219,Accounts executive,TopSlick - Full-time,Remote,Accounts Executive
220,Python + Selenium Webdriver,PIT Solutions Pvt Ltd - Full-time,Trivandrum,Python + Selenium Webdriver
221,Junior Odoo Developer,Akira Software Solutions India Pvt Ltd - Full-time,Trivandrum,Odoo
222,DevOps Engineer,Xpetize Technology Solutions Pvt Ltd - Full-time,Trivandrum,"Python,AWS,groovy,jenkins"
223,L1 lead,Xpetize Technology Solutions Pvt Ltd - Full-time,Trivandrum,"AWS ,L1 Resources TeamLead,Stakeholder Communication"
224,Support Engineer,Xpetize Technology Solutions Pvt Ltd - Full-time,Trivandrum,"Java,Microservices,AWS"
225,Infra Developer,Xpetize Technology Solutions Pvt Ltd - Full-time,Trivandrum,"Windows Server,System Adminisration Background on Windows,Apache Web Server,JBoss Application server"
226,Java Developer w/ Azure,Xpetize Technology Solutions Pvt Ltd - Full-time,Trivandrum,"SQL,Oracle,core java"
227,Java AWS Lead,Xpetize Technology Solutions Pvt Ltd - Full-time,Trivandrum,Java AWS Microservices
228,Node.js Developer,Cozak Tech Pvt Ltd - Full-time,Remote,"Node,Javascript,Mongo DB,Rest API"
229,Flutter Developer,Cocoalabs - Full-time,Kochi,FLUTTER DEVELOPER
230,Junior Kotlin Developer,Coddle Technologies Pvt Ltd - Full-time,Kozhikode ( Calicut ),"Android,Kotlin,MVVM,Payment Gateway,android developer, Kotlin, MVVM design pattern, Android Jetpack Libraries (Room, LiveData, Navigation, etc),Room DB"
231,Full Stack Developer,Polus Software - Full-time,Trivandrum,"Angular,MySQL,spring boot,Hibernate,java"
232,PHP/WordPress Developer,Polus Software - Full-time,Trivandrum,"Wordpress, Laravel Web Services & SOAP, XML, AJAX"
233,QA Engineer- Automation,Polus Software - Full-time,Trivandrum,"Selenium,Test Automation"
234,PL/SQL Developer,Polus Software - Full-time,Trivandrum,"Oracle/Mysql, MSSQL, MySQL or PostgreSQL"
235,Software Engineer- Angular Developer,Polus Software - Full-time,Trivandrum,Angular
236,Java Developer,Polus Software - Full-time,Trivandrum,"Java,MySQL,spring boot,hibernate"
237,PYTHON,Akira Software Solutions India Pvt Ltd - Full-time,Trivandrum,Python
238,Jr. Sales Executive,Lanware - Full-time,Kochi,Sales Executive
239,ASSOCIATE DATA ANALYST,PIT Solutions Pvt Ltd - Full-time,Trivandrum,"MS office,MS Excel"
240,HR Executive,TechMaven IT Solutions - Full-time,Kochi,HR Recruitment
241,Software Trainee,Bourntec Solution Inc - Full-time,Kochi,"Python,Javascript,.Net,java"
242,SQL Developer,SE-Mentor Solutions Pvt. Ltd - Full-time,Kochi,SQL Queries
243,Business Development Executive,Finprov - Full-time,Bangalore,"Business Development,business development executive"
244,Telesales Executive,Finprov - Full-time,Bangalore,"Customer Service,TeleCalling"
245,Digital Marketing Executive,Finprov - Full-time,Kochi,"Desired experience 1-3 years of experience in Digital Marketing, including email campaigns, landing pages, website design, SEO and Google Analytics"
246,Content Writer,Finprov - Full-time,Kochi,"Project Coordination , Manual Testing , Content Integration through CMS and Magento backend, Handling of tools like Adobe Dreamweaver , Photoshop, Filezilla and Database phpMyAdmin."
247,Senior PHP Developer,Waybeo Technology Solutions Pvt Ltd - Full-time,Trivandrum,"PHP,Javascript,MySQL,Laravel,jQuery,HTML,MongoDB"
248,Java Developer,GBS-PLUS - Full-time,Trivandrum,"spring boot,Java"
249,SAP ABAP Consultant,Travanleo Info Solutions India Private Limited - Full-time,Trivandrum,SAP ABAP Consultant
250,SAP Basis Engineer,Travanleo Info Solutions India Private Limited - Full-time,Trivandrum,SAP Basis Engineer
251,SAP Testing Lead,Travanleo Info Solutions India Private Limited - Full-time,Trivandrum,sap testing
252,Java Backend Developer,Capgemini - Full-time,Bangalore,"Java Backend Developer,Java8, Spring Boot, Rest API, Microservices"
253,Fullstack Developer,Capgemini - Full-time,Bangalore,"Fullstack developer, ,Java8, Spring Boot, Rest API, Microservices, Angular 8, JavaScript"
254,UI Developer,Capgemini - Full-time,Bangalore,"React JS, Redux, Jest"
255,Java developer,Saasvaap - Full-time,Trivandrum,"Java,Kubernetes,MySQL,Oracle DB,spring boot"
256,Angular Developers,CollabLL - Full-time,Trivandrum,"Angular,AngularJS"
257,Business Development Manager,Naga Info Solutions Private Limited. - Full-time,Trivandrum,Business Development Manager
258,PROJECT MANAGER,Naga Info Solutions Private Limited. - Full-time,Trivandrum,"Strong track record of project delivery and benefits realization. Must be a quick learner and have great aptitude. Should have experience in CRM platformes like Salesforce. Solid technical background, with understanding or hands-on experience in software development and web technologies."
259,.NET/Azure Developers,Naga Info Solutions Private Limited. - Full-time,Trivandrum,".NET,Azure"
260,System Administrator : Linux,PIT Solutions Pvt Ltd - Full-time,Trivandrum,System Administrator : Linux
261,DESIGNER,IGNOSI ENTERPRISES - Full-time,Trivandrum,DESIGN KNOWLEDGE IN PHOTOSHOP / CORAL DRAW SOCIAL MEDIA PROMOTION SOFTWARE TRAINING TO CUSTOMERS INSTANT POSTINGS IN SOCIAL MEDIA SEO PROMOTION
262,. NET sollution architect,EY - Full-time,Kochi,".NET,SAP Solution Architect"
263,. NET Full Stack,EY - Full-time,Kochi,. NET Full Stack
264,Devops,Travancore Analytics (P) Ltd - Full-time,Trivandrum,Azure DevOps
265,Xamarin,Travancore Analytics (P) Ltd - Full-time,Trivandrum,Xamarin
266,Tableau,Travancore Analytics (P) Ltd - Full-time,Trivandrum,Tableau
267,React Native,Travancore Analytics (P) Ltd - Full-time,Trivandrum,"React Js, React Native, HTML, Javascript"
268,IOS-Swift,Travancore Analytics (P) Ltd - Full-time,Trivandrum,IOS-Swift
269,Android Developer/Lead,Travancore Analytics (P) Ltd - Full-time,Trivandrum,Android Developer/ Lead
270,UI/UX Lead,Travancore Analytics (P) Ltd - Full-time,Trivandrum,UI/UX Lead
271,C++/Qt,Travancore Analytics (P) Ltd - Full-time,Trivandrum,C++/Qt
272,Java-SB Lead,Travancore Analytics (P) Ltd - Full-time,Trivandrum,Java-SB Lead
273,Node FullStack,Travancore Analytics (P) Ltd - Full-time,Trivandrum,"Node JS,Node FullStack"
274,Team Leaders,PHONEPE - Full-time,Remote,Team Leaders
275,Presales Analyst,Fingent - Full-time,Kochi,"msoffice,analytical skill,good communication skills,Leadership skills,Critical Thinker with Problem-solving skills"
276,Marine Engineers (Immediate),Cetacean Business Solutions LLP - Full-time,Kochi,"mechanical,marine,sailing"
277,CRM Executives (Immediate),Cetacean Business Solutions LLP - Full-time,Kochi,"Project Management,CRM tools,CRM ,Sales and Marketing,Customer Relationship,crm systems"
278,REACT JS Developer,Enroute Corporate Soltuions - Full-time,Remote,"Javascript,Node JS,HTML,RESTful API,ReactJS"
279,UI/UX Developer,JTSI - Full-time,Trivandrum,UI/UX developer
280,React Developer,LogicPlum - Full-time,Trivandrum,React Developer
281,Angular Developer,LogicPlum - Full-time,Trivandrum,angulardeveloper
282,Python Developer,LogicPlum - Full-time,Trivandrum,Odoo-Python Developers
283,ReactJS Developers,Neoito - Full-time,Trivandrum,ReactJS Developers
284,NodeJS Developers,Neoito - Full-time,Trivandrum,Node JS
285,Angular Developer,Neoito - Full-time,Trivandrum,"Angular Developers,Nodejs & Angular"
286,Word press Developer,Planet Media India ( PMIN Agency Private Limited ) - Full-time,Kochi,Wordpress
287,UI/UX Designer,Planet Media India ( PMIN Agency Private Limited ) - Full-time,Kochi,"UI Design,UI/UX,ui/ux Designer"
288,Shopify Theme Developer,Planet Media India ( PMIN Agency Private Limited ) - Full-time,Kochi,"PHP,shopify"
289,ReactJS Developer,Planet Media India ( PMIN Agency Private Limited ) - Full-time,Kochi,"React,ReactJS"
290,MERN Stack developer,Deepnetsoft Solutions Pvt Ltd - Full-time,Kochi,"React,Node.js,Express.js,MERN Stack"
291,Senior Scrum Masters/Scrum Masters,Fingent - Full-time,Kochi,"Agile,Scrum Master ,Solid understanding of software development life cycle"
292,IT ARCHITECT,Enroute Corporate Soltuions - Full-time,Remote,"cloud,saas,CI/CD,RDBMS"
293,HR Recruiter (Immediate),Cetacean Business Solutions LLP - Full-time,Kochi,"HR Recruitment,client communication, Time management,IT Recruitment,MBA/MHRM"
294,Automation Test Engineer,Xilligence - Full-time,Trivandrum,"Automation Testing,Test Automation,Automation Tester"
295,Full Stack Developers (Immediate),Cetacean Business Solutions LLP - Full-time,Kochi,"Angular,Javascript,Typescript,.NET,HTML5,C#,SQL,Web Services and API,MVC,jQuery,.Net Core,NodeJS,OOPS"
296,Node JS Developer,Xilligence - Full-time,Trivandrum,"Node JS,node.js"
297,SOFTWARE DEVELOPER TRAINEE,GLOBIFY SOFTWARE SOLUTIONS - Full-time,Trivandrum,"Problem solving ,good communication skills,SOFTWARE DEVELOPER TRAINEE"
298,Sr Developer / Lead (Urgent),Dinoct Solutions - Full-time,Kochi,"Python,Java,SDLC,Gitlab,GitHub,AWS/Azure/GCP"
299,Android System Developer,Cetacean Business Solutions LLP - Full-time,Bangalore,"C,C++,Android,Git,Junit,Linux OS,android system"
300,MS SQL Server Developer (Immediate),Cetacean Business Solutions LLP - Full-time,Kochi,"MVC,NoSQL,MSSQL,BigData,Hadoop,TSQL"
301,Dotnet Developers,Cetacean Business Solutions LLP - Full-time,Kochi,"Angular,React,Javascript,C#,SQL,MVC,Web API,Entity Framework,ASP.net,OOPS,Dotnet Core,Dotnet"
302,Multiple Vacancies (Urgent),Cetacean Business Solutions LLP - Full-time,Kochi,"Python,Angular,DevOps,Android,IOS,UI/UX,Full Stack,MSSQL,IT Support,Embedded Systems,manual testing,Automation Testing,CRM,Dotnet,marine,software interns"
303,DevOps Engineer (Azure),Cetacean Business Solutions LLP - Full-time,Kochi,"DevOps,Kubernetes,Rest API,powershell,CI/CD,Azure DevOps,Azure Active Directory"
304,SR. BUSINESS ANALYSTS AND BUSINESS ANALYSTS,Fingent - Full-time,Kochi,"Agile,Business Analysis,Wireframing,SDLC"
305,CRM Executives,Cetacean Business Solutions LLP - Full-time,Kochi,"Project Management,Sales,CRM tools,CRM - Salesforce or MS Dynamics"
306,Marine Engineers (Freshers/Trainees),Cetacean Business Solutions LLP - Full-time,Kochi,"Shipping,,marine,sailing"
307,QA Test Engineer (Manual),Cetacean Business Solutions LLP - Full-time,Kochi,"bug tracking,ISTQB Certified Tester,Manual Testing,Software QA"
308,MS SQL Server Developer,Cetacean Business Solutions LLP - Full-time,Kochi,"MVC,NoSQL,MSSQL,BigData,Hadoop,TSQL"
309,SOFTWARE ENGINEER – WPF,Fingent - Full-time,Kochi,"MVVM,WPF,Xamarin.Forms"
310,Connectivity Technologist,Xpetize Technology Solutions Pvt Ltd - Full-time,Remote,"Infrastructure,PLC,NC,N/W technology"
311,Electric Motor Design & Development Engineer,Xpetize Technology Solutions Pvt Ltd - Full-time,Remote,"Electrical Domain,Electronics Domain,EV Motor Design,Hybrid Motor Design,BLDC Motors,PMSM Motors"
312,PMO,Xpetize Technology Solutions Pvt Ltd - Full-time,Remote,"communication skills,Act independently,Strong Organization Skill,Moderation Skill"
313,Head - Application Engineering (Industrial),Xpetize Technology Solutions Pvt Ltd - Full-time,Remote,"Rolling Bearing Application,Sound Knowledge"
314,US Tax,Xpetize Technology Solutions Pvt Ltd - Full-time,Remote,US Tax 1040
315,Database Administrator (DBA),Auberon Technology Pvt Ltd - Full-time,Kochi,"MS SQL Server,Database Query,Dynamic SQL,database designing,No SQL,advanced SQL"
316,DB Developers,Auberon Technology Pvt Ltd - Full-time,Kochi,"MS SQL Server,Debugging,advanced SQL Pro,SQL Programming,Database Query,Dynamic SQL"
317,.Net Developers,Auberon Technology Pvt Ltd - Full-time,Kochi,"C#,SQL,asp.net mvc ,JavaScript jQuery AJAX,SSRS Reports,Telerik and SOA,Webservice-WCF/Web API"
318,Test Engineers,Auberon Technology Pvt Ltd - Full-time,Kochi,"Rest API,POSTMAN,Selenium with C# ,documenting testcases and deriving test scenarios,Browser testing, API testing, Exploratory testing, Mobile testing ,Evaluating Exit Criteria, Data Comparisons -Front-end data with Back-end data.,SDLC & STLC,agile & scrum methodology"
319,Senior Test Engineers,Auberon Technology Pvt Ltd - Full-time,Kochi,"Rest API,SQL Queries,POSTMAN,Api testing,CI CD,Testing of Web and Mobile based applications,Creating and Designing test plans, strategies, scenarios & test cases,Testing Lifecycle and Testing Methodologies in Manual and Automation testing,Manual & Automation Testing with Selenium C#"
320,Sr. QA Specialist,SOTI - Full-time,Kochi,"Immediate availability Basic Programming skills,Good Communication,Keen & attention to detail. ,Strong analytical and problem-solving skills. ,Excellent verbal and written communication skills. ,Creative and innovative thinker. ,Diligent and meticulous."
321,.NET Developer,Cetacean Business Solutions LLP - Full-time,Kochi,"Angular,React,Javascript,.NET,SQL,MVC,.NET/C#,asp.net mvc"
322,Client Relationship Executive - Kogland,Fingent - Full-time,Kochi,"Sales,Marketing,client relationships ,Surgical Products,Medical Consumables"
323,Client Relationship Manager - Kogland,Fingent - Full-time,Kochi,"Sales,Team Management,client relationships ,Hospital Sales,Surgical Products,Medical Consumables"
324,Multiple Openings,Cetacean Business Solutions LLP - Full-time,Kochi,"Python,Android,Content writing,UI/UX,Full Stack,Network Security,graphic designing,Product Designing,Embedded Systems,BigData"
325,.Net Developer,Smilax Software Solutions - Full-time,Kochi,"Bootstrap,.Net,.ASP.Net,.Net Core,Entity Framework,Oracle,JQuery"
326,Virtual Software Development Internship Program,Cetacean Business Solutions LLP - Full-time,Kochi,Minimum Qualification Bachelors in any IT/ CS Streams
327,Android Developers,Cetacean Business Solutions LLP - Full-time,Bangalore,"Android,Native Android SDK development in Java or Kotlin"
328,iOS Developer,Cetacean Business Solutions LLP - Full-time,Trivandrum,"iOS SDK,iOS-Android Deployment, Objective-C or Swift, Cocoa Touch"
329,Mean Stack Developer,Cetacean Business Solutions LLP - Full-time,Trivandrum,"Angular,React,Node JS,JavaScript,Mean stack"
330,Senior SEO Specialist,Emvigo Technologies - Full-time,Kochi,"Client Handling,Google Analytics,verbal and written communication,SEO fundamentals"
331,React Native Developer,Emvigo Technologies - Full-time,Kochi,"React Native, Redux,Firebase"
332,Fullstack Developer,Emvigo Technologies - Full-time,Kochi,"Perfomance Tuning,react.js,node.js"
333,React Native – IOS/ Android Developer,Auberon Technology Pvt Ltd - Full-time,Kochi,"React Native,CSS,HTML5 ,React Rendering,JavaScript (ES5 and ES6/7 and ES8),life cycles ,IOS/Android App,IOS and Android for Mobile Cloud architecture"
334,WebGL Developer,Fingent - Full-time,Kochi,"3D WEBGL,Three.js, Babylon.js, three.ar.js, Playcanvas, Scene.js,8th Wall, AR.js, XR.+,3D configurators, Real estate walkthroughs, 3D visualization through WEBGL"
335,Frontend Developer,Goodbits Tech Pvt Ltd - Full-time,Kochi,"React,Javascript,HTML,CSS"
336,Senior Fullstack Developer / Fullstack Lead / Solution Architect,Goodbits Tech Pvt Ltd - Full-time,Kochi,"React,Node,Javascript"
337,Content Writer,Thomsun Infocare LLP - Full-time,Kochi,"Content writing,Creative writing"
338,Automation Test Engineer,Thomsun Infocare LLP - Full-time,Kochi,"Automation Testing,Selenium ,Protractor,BDD"
339,Technical Lead,Thomsun Infocare LLP - Full-time,Kochi,".Net Core,asp.net mvc"
340,Technical Architect,Thomsun Infocare LLP - Full-time,Kochi,".NET MVC,.Net Core"
341,DotNet Developer,Thomsun Infocare LLP - Full-time,Kochi,".NET MVC,.ASP.Net,.Net Core"
342,Angular Developer,Thomsun Infocare LLP - Full-time,Kochi,Angular
343,Software Engineer – Angular,Fingent - Full-time,Kochi,"Angular,Node JS,Javascript, Typescript,Angular, Front-end development, HTML, CSS, Unit Testing with Karma/Jasmine/Jest,HTML CSS JavaScript, Angular"
344,Senior Software Engineer-React JS,Fingent - Full-time,Kochi,"GIT,ES6,ReactJS,ReactJS developer,Javascript, Typescript,Enzyme"
345,Software Engineer – React JS,Fingent - Full-time,Kochi,"GIT,ES6,ReactJS developer,React Js,Javascript, Typescript"
346,Software Engineer – React Native,Fingent - Full-time,Kochi,"React Native, Redux,Node.js,jQuery,ReactJS,React Js, React Native, HTML, Javascript"
347,Senior Project Leads and Project Leads,Fingent - Full-time,Kochi,"Project Coordinators,SDLC,Software Project Management,project mangement,stakeholder management"
348,Sr. Project Managers and Project Managers – Technology Services,Fingent - Full-time,Kochi,"PMP,Project Coordinators,Software Project Management,stakeholder management ,technical project manager"
349,Senior Test Specialist,Fingent - Full-time,Kochi,"Test case preparation ,manual testing,Automation Testing,Test scenario preparation, web, mobile, and APIs,test reports"
350,Test Specialist,Fingent - Full-time,Kochi,"Selenium,functional testing,manual testing,Automation Testing,testing web, mobile, and APIs"
351,Software Engineer .NET,Fingent - Full-time,Kochi,"MS Azure, SQL Azure,C#.NET, ASP.NET MVC,OOPS concepts, JQuery, Web API, Entity Framework, LINQ"
352,Full Stack Developer (5+ years),Oracle India Pvt. Ltd. - Full-time,Trivandrum,"JavaScript, web stacks, libraries, frameworks MVC"
